Version,Date_of_report,Date_of_statistics,Perc_covid_symptoms,MA_perc_covid_symptoms
1,2022-04-26 10:00:00,2020-11-01,2.78184480234261,
1,2022-04-26 10:00:00,2020-11-02,2.30414746543779,
1,2022-04-26 10:00:00,2020-11-03,3.32963374028857,
1,2022-04-26 10:00:00,2020-11-04,3.64077669902913,3.106
1,2022-04-26 10:00:00,2020-11-05,3.61596009975062,3.116
1,2022-04-26 10:00:00,2020-11-06,3.43642611683849,3.191
1,2022-04-26 10:00:00,2020-11-07,2.63388937664618,3.165
1,2022-04-26 10:00:00,2020-11-08,2.84834488067744,2.986
1,2022-04-26 10:00:00,2020-11-09,2.83505154639175,2.793
1,2022-04-26 10:00:00,2020-11-10,3.14620604565083,2.696
1,2022-04-26 10:00:00,2020-11-11,2.38543628374137,2.755
1,2022-04-26 10:00:00,2020-11-12,2.26218097447796,2.837
1,2022-04-26 10:00:00,2020-11-13,2.76052449965493,2.82
1,2022-04-26 10:00:00,2020-11-14,3.0440414507772,2.782
1,2022-04-26 10:00:00,2020-11-15,3.42298288508557,2.751
1,2022-04-26 10:00:00,2020-11-16,2.71531607976241,2.793
1,2022-04-26 10:00:00,2020-11-17,2.88153681963714,2.859
1,2022-04-26 10:00:00,2020-11-18,2.17273221075502,2.787
1,2022-04-26 10:00:00,2020-11-19,2.5541365907829,2.655
1,2022-04-26 10:00:00,2020-11-20,3.22384428223844,2.667
1,2022-04-26 10:00:00,2020-11-21,2.54137115839243,2.689
1,2022-04-26 10:00:00,2020-11-22,2.49858035207269,2.75
1,2022-04-26 10:00:00,2020-11-23,2.79652844744455,2.755
1,2022-04-26 10:00:00,2020-11-24,3.03699613473219,2.727
1,2022-04-26 10:00:00,2020-11-25,2.60180995475113,2.725
1,2022-04-26 10:00:00,2020-11-26,2.58668134287287,2.835
1,2022-04-26 10:00:00,2020-11-27,3.02843016069221,2.81
1,2022-04-26 10:00:00,2020-11-28,2.52555622369212,2.79
1,2022-04-26 10:00:00,2020-11-29,3.26797385620915,2.746
1,2022-04-26 10:00:00,2020-11-30,2.62529832935561,2.788
1,2022-04-26 10:00:00,2020-12-01,2.89234065345474,2.791
1,2022-04-26 10:00:00,2020-12-02,2.29508196721311,2.918
1,2022-04-26 10:00:00,2020-12-03,2.88461538461538,2.932
1,2022-04-26 10:00:00,2020-12-04,3.04628002343292,3.031
1,2022-04-26 10:00:00,2020-12-05,3.41113105924596,3.115
1,2022-04-26 10:00:00,2020-12-06,3.36817653890825,3.23
1,2022-04-26 10:00:00,2020-12-07,3.31775700934579,3.319
1,2022-04-26 10:00:00,2020-12-08,3.48015225666123,3.267
1,2022-04-26 10:00:00,2020-12-09,3.10421286031042,3.221
1,2022-04-26 10:00:00,2020-12-10,3.50684931506849,3.243
1,2022-04-26 10:00:00,2020-12-11,2.68378063010502,3.198
1,2022-04-26 10:00:00,2020-12-12,3.08747855917667,3.108
1,2022-04-26 10:00:00,2020-12-13,3.52397458116696,3.212
1,2022-04-26 10:00:00,2020-12-14,2.99644489588624,3.169
1,2022-04-26 10:00:00,2020-12-15,2.85145888594164,3.169
1,2022-04-26 10:00:00,2020-12-16,3.83182543906333,3.094
1,2022-04-26 10:00:00,2020-12-17,3.20916905444126,3.056
1,2022-04-26 10:00:00,2020-12-18,2.68264840182648,3.151
1,2022-04-26 10:00:00,2020-12-19,2.56104824300179,3.178
1,2022-04-26 10:00:00,2020-12-20,3.2590051457976,3.061
1,2022-04-26 10:00:00,2020-12-21,3.66317792578497,2.876
1,2022-04-26 10:00:00,2020-12-22,3.04203539823009,2.889
1,2022-04-26 10:00:00,2020-12-23,3.00751879699248,2.945
1,2022-04-26 10:00:00,2020-12-24,1.91972076788831,2.862
1,2022-04-26 10:00:00,2020-12-25,2.76792051100071,2.666
1,2022-04-26 10:00:00,2020-12-26,2.95790671217292,2.628
1,2022-04-26 10:00:00,2020-12-27,2.67613326051338,2.58
1,2022-04-26 10:00:00,2020-12-28,2.28758169934641,2.571
1,2022-04-26 10:00:00,2020-12-29,2.77629471436199,2.485
1,2022-04-26 10:00:00,2020-12-30,2.67613326051338,2.379
1,2022-04-26 10:00:00,2020-12-31,1.85185185185185,2.378
1,2022-04-26 10:00:00,2021-01-01,2.17238962859145,2.371
1,2022-04-26 10:00:00,2021-01-02,2.21421215242019,2.334
1,2022-04-26 10:00:00,2021-01-03,2.67045454545455,2.241
1,2022-04-26 10:00:00,2021-01-04,2.23776223776224,2.258
1,2022-04-26 10:00:00,2021-01-05,2.51740760578468,2.266
1,2022-04-26 10:00:00,2021-01-06,2.02597402597403,2.192
1,2022-04-26 10:00:00,2021-01-07,1.96850393700787,2.059
1,2022-04-26 10:00:00,2021-01-08,2.23089793641941,2.009
1,2022-04-26 10:00:00,2021-01-09,1.69491525423729,1.86
1,2022-04-26 10:00:00,2021-01-10,1.73711638679792,2.032
1,2022-04-26 10:00:00,2021-01-11,1.88505747126437,2.086
1,2022-04-26 10:00:00,2021-01-12,1.47841513897102,2.06
1,2022-04-26 10:00:00,2021-01-13,3.2258064516129,2.143
1,2022-04-26 10:00:00,2021-01-14,2.34644582470669,2.119
1,2022-04-26 10:00:00,2021-01-15,2.05557670346403,2.034
1,2022-04-26 10:00:00,2021-01-16,2.27272727272727,2.044
1,2022-04-26 10:00:00,2021-01-17,1.56687185226637,1.771
1,2022-04-26 10:00:00,2021-01-18,1.292546316243,1.666
1,2022-04-26 10:00:00,2021-01-19,1.54798761609907,1.621
1,2022-04-26 10:00:00,2021-01-20,1.3134328358209,1.528
1,2022-04-26 10:00:00,2021-01-21,1.61542470036477,1.523
1,2022-04-26 10:00:00,2021-01-22,1.73592845870594,1.538
1,2022-04-26 10:00:00,2021-01-23,1.62425554953979,1.548
1,2022-04-26 10:00:00,2021-01-24,1.52921900600765,1.529
1,2022-04-26 10:00:00,2021-01-25,1.39702568724651,1.503
1,2022-04-26 10:00:00,2021-01-26,1.62388685175485,1.491
1,2022-04-26 10:00:00,2021-01-27,1.17647058823529,1.538
1,2022-04-26 10:00:00,2021-01-28,1.43589743589744,1.52
1,2022-04-26 10:00:00,2021-01-29,1.64835164835165,1.605
1,2022-04-26 10:00:00,2021-01-30,1.95758564437194,1.532
1,2022-04-26 10:00:00,2021-01-31,1.40291806958474,1.62
1,2022-04-26 10:00:00,2021-02-01,1.98825124265703,1.548
1,2022-04-26 10:00:00,2021-02-02,1.11167256189995,1.591
1,2022-04-26 10:00:00,2021-02-03,1.79704016913319,1.537
1,2022-04-26 10:00:00,2021-02-04,0.927835051546392,1.622
1,2022-04-26 10:00:00,2021-02-05,1.94986072423398,1.518
1,2022-04-26 10:00:00,2021-02-06,1.58124318429662,1.513
1,2022-04-26 10:00:00,2021-02-07,1.99657729606389,1.469
1,2022-04-26 10:00:00,2021-02-08,1.26296797474064,1.537
1,2022-04-26 10:00:00,2021-02-09,1.07692307692308,1.516
1,2022-04-26 10:00:00,2021-02-10,1.49094781682641,1.499
1,2022-04-26 10:00:00,2021-02-11,1.40374331550802,1.428
1,2022-04-26 10:00:00,2021-02-12,1.79910044977511,1.456
1,2022-04-26 10:00:00,2021-02-13,1.45942790426153,1.578
1,2022-04-26 10:00:00,2021-02-14,1.50375939849624,1.547
1,2022-04-26 10:00:00,2021-02-15,1.45888594164456,1.62
1,2022-04-26 10:00:00,2021-02-16,1.93089430894309,1.702
1,2022-04-26 10:00:00,2021-02-17,1.27388535031847,1.775
1,2022-04-26 10:00:00,2021-02-18,1.91285866099894,1.798
1,2022-04-26 10:00:00,2021-02-19,2.37422272470322,1.898
1,2022-04-26 10:00:00,2021-02-20,1.97072072072072,1.913
1,2022-04-26 10:00:00,2021-02-21,1.66481687014428,1.988
1,2022-04-26 10:00:00,2021-02-22,2.15695273061037,2.02
1,2022-04-26 10:00:00,2021-02-23,2.03868269733403,2.117
1,2022-04-26 10:00:00,2021-02-24,1.7983651226158,2.15
1,2022-04-26 10:00:00,2021-02-25,2.13745478461033,2.187
1,2022-04-26 10:00:00,2021-02-26,3.05302624531334,2.113
1,2022-04-26 10:00:00,2021-02-27,2.20417633410673,2.164
1,2022-04-26 10:00:00,2021-02-28,1.92016169782719,2.234
1,2022-04-26 10:00:00,2021-03-01,1.6365202411714,2.171
1,2022-04-26 10:00:00,2021-03-02,2.4,2.03
1,2022-04-26 10:00:00,2021-03-03,2.28608752449379,2.079
1,2022-04-26 10:00:00,2021-03-04,1.69587337478802,2.111
1,2022-04-26 10:00:00,2021-03-05,2.06588498045784,2.186
1,2022-04-26 10:00:00,2021-03-06,2.54588513913558,2.187
1,2022-04-26 10:00:00,2021-03-07,2.14723926380368,2.127
1,2022-04-26 10:00:00,2021-03-08,2.16356555603635,2.101
1,2022-04-26 10:00:00,2021-03-09,2.40460010454783,2.143
1,2022-04-26 10:00:00,2021-03-10,1.86774356385664,2.119
1,2022-04-26 10:00:00,2021-03-11,1.51074956420686,2.189
1,2022-04-26 10:00:00,2021-03-12,2.36087689713322,2.252
1,2022-04-26 10:00:00,2021-03-13,2.3768115942029,2.209
1,2022-04-26 10:00:00,2021-03-14,2.63959390862944,2.263
1,2022-04-26 10:00:00,2021-03-15,2.60206370569762,2.433
1,2022-04-26 10:00:00,2021-03-16,2.10810810810811,2.441
1,2022-04-26 10:00:00,2021-03-17,2.24119530416222,2.51
1,2022-04-26 10:00:00,2021-03-18,2.70419426048565,2.488
1,2022-04-26 10:00:00,2021-03-19,2.41301907968575,2.424
1,2022-04-26 10:00:00,2021-03-20,2.86054827175209,2.391
1,2022-04-26 10:00:00,2021-03-21,2.48508946322068,2.382
1,2022-04-26 10:00:00,2021-03-22,2.15827338129496,2.357
1,2022-04-26 10:00:00,2021-03-23,1.87224669603524,2.448
1,2022-04-26 10:00:00,2021-03-24,2.18102508178844,2.457
1,2022-04-26 10:00:00,2021-03-25,2.52824098977945,2.444
1,2022-04-26 10:00:00,2021-03-26,3.05343511450382,2.467
1,2022-04-26 10:00:00,2021-03-27,2.91840381179273,2.619
1,2022-04-26 10:00:00,2021-03-28,2.39485981308411,2.766
1,2022-04-26 10:00:00,2021-03-29,2.32227488151659,2.759
1,2022-04-26 10:00:00,2021-03-30,2.93803418803419,2.778
1,2022-04-26 10:00:00,2021-03-31,3.20733104238259,2.766
1,2022-04-26 10:00:00,2021-04-01,2.47524752475248,2.717
1,2022-04-26 10:00:00,2021-04-02,3.18840579710145,2.688
1,2022-04-26 10:00:00,2021-04-03,2.83353010625738,2.601
1,2022-04-26 10:00:00,2021-04-04,2.05245153933865,2.416
1,2022-04-26 10:00:00,2021-04-05,2.12031558185404,2.427
1,2022-04-26 10:00:00,2021-04-06,2.32991612301957,2.242
1,2022-04-26 10:00:00,2021-04-07,1.91204588910134,2.235
1,2022-04-26 10:00:00,2021-04-08,2.55511022044088,2.249
1,2022-04-26 10:00:00,2021-04-09,1.89111747851003,2.296
1,2022-04-26 10:00:00,2021-04-10,2.78706800445931,2.299
1,2022-04-26 10:00:00,2021-04-11,2.14994487320838,2.332
1,2022-04-26 10:00:00,2021-04-12,2.44590780809031,2.269
1,2022-04-26 10:00:00,2021-04-13,2.3542600896861,2.344
1,2022-04-26 10:00:00,2021-04-14,2.13723284589426,2.279
1,2022-04-26 10:00:00,2021-04-15,2.11764705882353,2.32
1,2022-04-26 10:00:00,2021-04-16,2.41635687732342,2.295
1,2022-04-26 10:00:00,2021-04-17,2.33144297416509,2.372
1,2022-04-26 10:00:00,2021-04-18,2.43764172335601,2.325
1,2022-04-26 10:00:00,2021-04-19,2.2737819025522,2.428
1,2022-04-26 10:00:00,2021-04-20,2.88951841359773,2.447
1,2022-04-26 10:00:00,2021-04-21,1.80790960451977,2.384
1,2022-04-26 10:00:00,2021-04-22,2.84023668639053,2.33
1,2022-04-26 10:00:00,2021-04-23,2.55009107468124,2.29
1,2022-04-26 10:00:00,2021-04-24,1.88564476885645,2.169
1,2022-04-26 10:00:00,2021-04-25,2.06540447504303,2.187
1,2022-04-26 10:00:00,2021-04-26,1.99416342412451,2.015
1,2022-04-26 10:00:00,2021-04-27,2.03691915977085,1.949
1,2022-04-26 10:00:00,2021-04-28,1.93717277486911,2.063
1,2022-04-26 10:00:00,2021-04-29,1.63838502047981,2.089
1,2022-04-26 10:00:00,2021-04-30,2.08333333333333,2.114
1,2022-04-26 10:00:00,2021-05-01,2.68456375838926,2.119
1,2022-04-26 10:00:00,2021-05-02,2.24719101123596,2.125
1,2022-04-26 10:00:00,2021-05-03,2.16748768472906,2.174
1,2022-04-26 10:00:00,2021-05-04,2.07650273224044,2.217
1,2022-04-26 10:00:00,2021-05-05,1.97963800904977,2.061
1,2022-04-26 10:00:00,2021-05-06,1.97775030902349,2.053
1,2022-04-26 10:00:00,2021-05-07,2.38805970149254,1.987
1,2022-04-26 10:00:00,2021-05-08,1.59021406727829,2.054
1,2022-04-26 10:00:00,2021-05-09,2.19272937103289,1.992
1,2022-04-26 10:00:00,2021-05-10,1.70454545454545,1.947
1,2022-04-26 10:00:00,2021-05-11,2.54424778761062,1.897
1,2022-04-26 10:00:00,2021-05-12,1.54669839381321,1.903
1,2022-04-26 10:00:00,2021-05-13,1.66453265044814,1.828
1,2022-04-26 10:00:00,2021-05-14,2.03735144312394,1.874
1,2022-04-26 10:00:00,2021-05-15,1.63240628778718,1.696
1,2022-04-26 10:00:00,2021-05-16,1.66753517457009,1.745
1,2022-04-26 10:00:00,2021-05-17,2.02800579430227,1.747
1,2022-04-26 10:00:00,2021-05-18,1.29723632261703,1.701
1,2022-04-26 10:00:00,2021-05-19,1.88902007083825,1.662
1,2022-04-26 10:00:00,2021-05-20,1.67630057803468,1.634
1,2022-04-26 10:00:00,2021-05-21,1.71779141104294,1.594
1,2022-04-26 10:00:00,2021-05-22,1.35467980295567,1.613
1,2022-04-26 10:00:00,2021-05-23,1.47318797878609,1.605
1,2022-04-26 10:00:00,2021-05-24,1.75175175175175,1.594
1,2022-04-26 10:00:00,2021-05-25,1.42630744849445,1.608
1,2022-04-26 10:00:00,2021-05-26,1.83333333333333,1.6
1,2022-04-26 10:00:00,2021-05-27,1.59952606635071,1.603
1,2022-04-26 10:00:00,2021-05-28,1.81818181818182,1.624
1,2022-04-26 10:00:00,2021-05-29,1.29533678756477,1.621
1,2022-04-26 10:00:00,2021-05-30,1.49511213341001,1.643
1,2022-04-26 10:00:00,2021-05-31,1.89753320683112,1.654
1,2022-04-26 10:00:00,2021-06-01,1.41093474426808,1.674
1,2022-04-26 10:00:00,2021-06-02,1.98135198135198,1.774
1,2022-04-26 10:00:00,2021-06-03,1.67966406718656,1.789
1,2022-04-26 10:00:00,2021-06-04,1.95707070707071,1.742
1,2022-04-26 10:00:00,2021-06-05,1.99875078076202,1.813
1,2022-04-26 10:00:00,2021-06-06,1.59908623643632,1.763
1,2022-04-26 10:00:00,2021-06-07,1.56402737047898,1.66
1,2022-04-26 10:00:00,2021-06-08,1.90861769809138,1.62
1,2022-04-26 10:00:00,2021-06-09,1.63240628778718,1.535
1,2022-04-26 10:00:00,2021-06-10,0.960960960960961,1.497
1,2022-04-26 10:00:00,2021-06-11,1.6728624535316,1.436
1,2022-04-26 10:00:00,2021-06-12,1.40845070422535,1.387
1,2022-04-26 10:00:00,2021-06-13,1.33185349611543,1.293
1,2022-04-26 10:00:00,2021-06-14,1.1340206185567,1.356
1,2022-04-26 10:00:00,2021-06-15,1.56521739130435,1.341
1,2022-04-26 10:00:00,2021-06-16,0.979192166462668,1.418
1,2022-04-26 10:00:00,2021-06-17,1.39732685297691,1.504
1,2022-04-26 10:00:00,2021-06-18,1.57430730478589,1.542
1,2022-04-26 10:00:00,2021-06-19,1.94369973190349,1.502
1,2022-04-26 10:00:00,2021-06-20,1.93208430913349,1.559
1,2022-04-26 10:00:00,2021-06-21,1.40562248995984,1.617
1,2022-04-26 10:00:00,2021-06-22,1.27832655432888,1.645
1,2022-04-26 10:00:00,2021-06-23,1.38104205900816,1.661
1,2022-04-26 10:00:00,2021-06-24,1.8018018018018,1.66
1,2022-04-26 10:00:00,2021-06-25,1.7743979721166,1.723
1,2022-04-26 10:00:00,2021-06-26,2.05570291777188,1.784
1,2022-04-26 10:00:00,2021-06-27,1.91961607678464,1.871
1,2022-04-26 10:00:00,2021-06-28,1.85,1.913
1,2022-04-26 10:00:00,2021-06-29,1.70835875533862,1.996
1,2022-04-26 10:00:00,2021-06-30,1.98915009041591,1.97
1,2022-04-26 10:00:00,2021-07-01,2.09287115761936,2.031
1,2022-04-26 10:00:00,2021-07-02,2.35585864848109,2.107
1,2022-04-26 10:00:00,2021-07-03,1.87369882026371,2.201
1,2022-04-26 10:00:00,2021-07-04,2.35017626321974,2.24
1,2022-04-26 10:00:00,2021-07-05,2.38095238095238,2.189
1,2022-04-26 10:00:00,2021-07-06,2.36363636363636,2.223
1,2022-04-26 10:00:00,2021-07-07,2.26272784412319,2.475
1,2022-04-26 10:00:00,2021-07-08,1.7379679144385,2.413
1,2022-04-26 10:00:00,2021-07-09,2.59136212624585,2.489
1,2022-04-26 10:00:00,2021-07-10,3.63997352746525,2.548
1,2022-04-26 10:00:00,2021-07-11,1.91657271702368,2.697
1,2022-04-26 10:00:00,2021-07-12,2.9126213592233,2.847
1,2022-04-26 10:00:00,2021-07-13,2.77606415792721,2.828
1,2022-04-26 10:00:00,2021-07-14,3.3015873015873,2.648
1,2022-04-26 10:00:00,2021-07-15,2.79402209226771,2.753
1,2022-04-26 10:00:00,2021-07-16,2.45358090185676,2.651
1,2022-04-26 10:00:00,2021-07-17,2.38095238095238,2.593
1,2022-04-26 10:00:00,2021-07-18,2.65379975874548,2.529
1,2022-04-26 10:00:00,2021-07-19,2.19368646334938,2.435
1,2022-04-26 10:00:00,2021-07-20,2.37131289762869,2.386
1,2022-04-26 10:00:00,2021-07-21,2.85351934051997,2.399
1,2022-04-26 10:00:00,2021-07-22,2.14132762312634,2.386
1,2022-04-26 10:00:00,2021-07-23,2.10602759622367,2.43
1,2022-04-26 10:00:00,2021-07-24,2.4745269286754,2.33
1,2022-04-26 10:00:00,2021-07-25,2.56241787122208,2.275
1,2022-04-26 10:00:00,2021-07-26,2.50266240681576,2.194
1,2022-04-26 10:00:00,2021-07-27,1.66987797045601,2.144
1,2022-04-26 10:00:00,2021-07-28,2.47148288973384,2.047
1,2022-04-26 10:00:00,2021-07-29,1.57430730478589,1.962
1,2022-04-26 10:00:00,2021-07-30,1.75202156334232,1.856
1,2022-04-26 10:00:00,2021-07-31,1.79310344827586,1.858
1,2022-04-26 10:00:00,2021-08-01,1.96923076923077,1.818
1,2022-04-26 10:00:00,2021-08-02,1.76136363636364,1.822
1,2022-04-26 10:00:00,2021-08-03,1.6839378238342,1.914
1,2022-04-26 10:00:00,2021-08-04,2.18931101094656,1.826
1,2022-04-26 10:00:00,2021-08-05,1.60750167448091,1.743
1,2022-04-26 10:00:00,2021-08-06,2.39561943874059,1.661
1,2022-04-26 10:00:00,2021-08-07,1.17647058823529,1.563
1,2022-04-26 10:00:00,2021-08-08,1.38364779874214,1.452
1,2022-04-26 10:00:00,2021-08-09,1.19176598049837,1.376
1,2022-04-26 10:00:00,2021-08-10,0.994694960212201,1.236
1,2022-04-26 10:00:00,2021-08-11,1.41661300708307,1.293
1,2022-04-26 10:00:00,2021-08-12,1.07066381156317,1.26
1,2022-04-26 10:00:00,2021-08-13,1.41743444365698,1.257
1,2022-04-26 10:00:00,2021-08-14,1.57534246575342,1.329
1,2022-04-26 10:00:00,2021-08-15,1.15163147792706,1.446
1,2022-04-26 10:00:00,2021-08-16,1.17122141662019,1.488
1,2022-04-26 10:00:00,2021-08-17,1.5003261578604,1.454
1,2022-04-26 10:00:00,2021-08-18,2.2353714661407,1.442
1,2022-04-26 10:00:00,2021-08-19,1.36518771331058,1.511
1,2022-04-26 10:00:00,2021-08-20,1.18219749652295,1.478
1,2022-04-26 10:00:00,2021-08-21,1.48698884758364,1.44
1,2022-04-26 10:00:00,2021-08-22,1.63398692810458,1.318
1,2022-04-26 10:00:00,2021-08-23,0.941730429664508,1.259
1,2022-04-26 10:00:00,2021-08-24,1.23188405797101,1.298
1,2022-04-26 10:00:00,2021-08-25,1.38121546961326,1.338
1,2022-04-26 10:00:00,2021-08-26,0.952380952380952,1.309
1,2022-04-26 10:00:00,2021-08-27,1.46036161335188,1.317
1,2022-04-26 10:00:00,2021-08-28,1.76470588235294,1.352
1,2022-04-26 10:00:00,2021-08-29,1.43302180685358,1.315
1,2022-04-26 10:00:00,2021-08-30,0.993377483443709,1.454
1,2022-04-26 10:00:00,2021-08-31,1.47551978537894,1.532
1,2022-04-26 10:00:00,2021-09-01,1.12508272667108,1.479
1,2022-04-26 10:00:00,2021-09-02,1.92307692307692,1.626
1,2022-04-26 10:00:00,2021-09-03,2.00743494423792,1.752
1,2022-04-26 10:00:00,2021-09-04,1.39500734214391,1.767
1,2022-04-26 10:00:00,2021-09-05,2.46593121349773,1.814
1,2022-04-26 10:00:00,2021-09-06,1.86862967157418,1.867
1,2022-04-26 10:00:00,2021-09-07,1.5862524785195,1.826
1,2022-04-26 10:00:00,2021-09-08,1.45137880986938,1.894
1,2022-04-26 10:00:00,2021-09-09,2.29485396383867,1.734
1,2022-04-26 10:00:00,2021-09-10,1.71796707229778,1.72
1,2022-04-26 10:00:00,2021-09-11,1.87061574434918,1.674
1,2022-04-26 10:00:00,2021-09-12,1.34874759152216,1.787
1,2022-04-26 10:00:00,2021-09-13,1.76839703365659,1.631
1,2022-04-26 10:00:00,2021-09-14,1.26751167444963,1.675
1,2022-04-26 10:00:00,2021-09-15,2.23880597014925,1.702
1,2022-04-26 10:00:00,2021-09-16,1.20567375886525,1.832
1,2022-04-26 10:00:00,2021-09-17,2.02492211838006,1.786
1,2022-04-26 10:00:00,2021-09-18,2.05949656750572,1.745
1,2022-04-26 10:00:00,2021-09-19,2.25988700564972,1.865
1,2022-04-26 10:00:00,2021-09-20,1.44759698899826,2.046
1,2022-04-26 10:00:00,2021-09-21,0.975609756097561,2.025
1,2022-04-26 10:00:00,2021-09-22,3.08430431802605,2.025
1,2022-04-26 10:00:00,2021-09-23,2.47349823321555,1.883
1,2022-04-26 10:00:00,2021-09-24,1.87687687687688,2.051
1,2022-04-26 10:00:00,2021-09-25,2.05792682926829,2.278
1,2022-04-26 10:00:00,2021-09-26,1.26666666666667,2.156
1,2022-04-26 10:00:00,2021-09-27,2.62237762237762,2.019
1,2022-04-26 10:00:00,2021-09-28,2.5676613462873,2.127
1,2022-04-26 10:00:00,2021-09-29,2.22531293463143,2.252
1,2022-04-26 10:00:00,2021-09-30,1.51296829971182,2.594
1,2022-04-26 10:00:00,2021-10-01,2.63752825923135,2.629
1,2022-04-26 10:00:00,2021-10-02,2.9320987654321,2.608
1,2022-04-26 10:00:00,2021-10-03,3.65853658536585,2.64
1,2022-04-26 10:00:00,2021-10-04,2.86861732644865,2.708
1,2022-04-26 10:00:00,2021-10-05,2.41992882562278,2.839
1,2022-04-26 10:00:00,2021-10-06,2.44926522043387,2.878
1,2022-04-26 10:00:00,2021-10-07,1.99203187250996,2.723
1,2022-04-26 10:00:00,2021-10-08,3.55072463768116,2.665
1,2022-04-26 10:00:00,2021-10-09,3.20987654320988,
1,2022-04-26 10:00:00,2021-10-10,2.56904303147078,
1,2022-04-26 10:00:00,2021-10-11,2.46418338108883,
1,2022-04-26 10:00:00,2021-10-12,,
1,2022-04-26 10:00:00,2021-10-13,,
1,2022-04-26 10:00:00,2021-10-14,,
1,2022-04-26 10:00:00,2021-10-15,,
1,2022-04-26 10:00:00,2021-10-16,,
1,2022-04-26 10:00:00,2021-10-17,,
1,2022-04-26 10:00:00,2021-10-18,,
1,2022-04-26 10:00:00,2021-10-19,,
1,2022-04-26 10:00:00,2021-10-20,3.42007434944238,
1,2022-04-26 10:00:00,2021-10-21,3.66492146596859,
1,2022-04-26 10:00:00,2021-10-22,3.77794911333847,
1,2022-04-26 10:00:00,2021-10-23,4.6031746031746,3.951
1,2022-04-26 10:00:00,2021-10-24,4.15601023017903,4.133
1,2022-04-26 10:00:00,2021-10-25,4.31738623103851,4.097
1,2022-04-26 10:00:00,2021-10-26,3.71900826446281,4.18
1,2022-04-26 10:00:00,2021-10-27,4.69516468114926,4.172
1,2022-04-26 10:00:00,2021-10-28,3.40909090909091,4.087
1,2022-04-26 10:00:00,2021-10-29,4.36067997043607,4.021
1,2022-04-26 10:00:00,2021-10-30,4.54545454545455,4.097
1,2022-04-26 10:00:00,2021-10-31,3.56100408639813,3.916
1,2022-04-26 10:00:00,2021-11-01,3.85542168674699,4.037
1,2022-04-26 10:00:00,2021-11-02,4.24948594928033,3.996
1,2022-04-26 10:00:00,2021-11-03,3.43406593406593,3.904
1,2022-04-26 10:00:00,2021-11-04,4.25531914893617,3.986
1,2022-04-26 10:00:00,2021-11-05,4.06932931424265,3.943
1,2022-04-26 10:00:00,2021-11-06,3.9039039039039,3.823
1,2022-04-26 10:00:00,2021-11-07,4.13609072715143,3.844
1,2022-04-26 10:00:00,2021-11-08,3.55160932297447,3.768
1,2022-04-26 10:00:00,2021-11-09,3.40831629175187,3.785
1,2022-04-26 10:00:00,2021-11-10,3.58108108108108,3.732
1,2022-04-26 10:00:00,2021-11-11,3.72759856630824,3.74
1,2022-04-26 10:00:00,2021-11-12,4.18888042650419,3.865
1,2022-04-26 10:00:00,2021-11-13,3.53117956423742,4.064
1,2022-04-26 10:00:00,2021-11-14,4.1927409261577,4.137
1,2022-04-26 10:00:00,2021-11-15,4.42274554853532,4.06
1,2022-04-26 10:00:00,2021-11-16,4.80439258750858,4.052
1,2022-04-26 10:00:00,2021-11-17,4.09276944065484,4.178
1,2022-04-26 10:00:00,2021-11-18,3.18696883852691,4.107
1,2022-04-26 10:00:00,2021-11-19,4.13533834586466,3.952
1,2022-04-26 10:00:00,2021-11-20,4.40835266821346,3.859
1,2022-04-26 10:00:00,2021-11-21,3.69685767097967,3.827
1,2022-04-26 10:00:00,2021-11-22,3.34128878281623,3.892
1,2022-04-26 10:00:00,2021-11-23,4.15248468345813,3.719
1,2022-04-26 10:00:00,2021-11-24,3.86779184247539,3.611
1,2022-04-26 10:00:00,2021-11-25,3.64188163884674,3.601
1,2022-04-26 10:00:00,2021-11-26,2.92307692307692,3.555
1,2022-04-26 10:00:00,2021-11-27,3.65659777424483,3.336
1,2022-04-26 10:00:00,2021-11-28,3.6255767963085,3.356
1,2022-04-26 10:00:00,2021-11-29,3.0209617755857,3.349
1,2022-04-26 10:00:00,2021-11-30,2.61299435028249,3.287
1,2022-04-26 10:00:00,2021-12-01,4.01125967628431,3.326
1,2022-04-26 10:00:00,2021-12-02,3.59012715033657,3.34
1,2022-04-26 10:00:00,2021-12-03,2.49056603773585,3.262
1,2022-04-26 10:00:00,2021-12-04,3.92772977219167,3.248
1,2022-04-26 10:00:00,2021-12-05,3.72670807453416,3.049
1,2022-04-26 10:00:00,2021-12-06,2.47495580436064,2.98
1,2022-04-26 10:00:00,2021-12-07,2.51188051595384,3.103
1,2022-04-26 10:00:00,2021-12-08,2.62096774193548,2.905
1,2022-04-26 10:00:00,2021-12-09,3.10693641618497,2.813
1,2022-04-26 10:00:00,2021-12-10,3.35070737155622,2.888
1,2022-04-26 10:00:00,2021-12-11,2.54169976171565,2.901
1,2022-04-26 10:00:00,2021-12-12,3.08176100628931,2.765
1,2022-04-26 10:00:00,2021-12-13,3.00120048019208,2.638
1,2022-04-26 10:00:00,2021-12-14,2.60631001371742,2.469
1,2022-04-26 10:00:00,2021-12-15,1.6655562958028,2.529
1,2022-04-26 10:00:00,2021-12-16,2.2189349112426,2.418
1,2022-04-26 10:00:00,2021-12-17,2.16763005780347,2.447
1,2022-04-26 10:00:00,2021-12-18,2.96352583586626,2.459
1,2022-04-26 10:00:00,2021-12-19,2.30111768573307,2.645
1,2022-04-26 10:00:00,2021-12-20,3.20284697508897,2.789
1,2022-04-26 10:00:00,2021-12-21,2.69503546099291,2.855
1,2022-04-26 10:00:00,2021-12-22,2.96296296296296,2.888
1,2022-04-26 10:00:00,2021-12-23,3.22812051649928,2.934
1,2022-04-26 10:00:00,2021-12-24,2.63157894736842,2.818
1,2022-04-26 10:00:00,2021-12-25,3.19327731092437,2.819
1,2022-04-26 10:00:00,2021-12-26,2.62273032952253,2.907
1,2022-04-26 10:00:00,2021-12-27,2.39554317548746,2.878
1,2022-04-26 10:00:00,2021-12-28,2.69736842105263,2.93
1,2022-04-26 10:00:00,2021-12-29,3.58090185676393,2.991
1,2022-04-26 10:00:00,2021-12-30,3.0239099859353,3.191
1,2022-04-26 10:00:00,2021-12-31,2.99559471365639,3.35
1,2022-04-26 10:00:00,2022-01-01,3.62080315997367,3.374
1,2022-04-26 10:00:00,2022-01-02,4.0251572327044,3.231
1,2022-04-26 10:00:00,2022-01-03,3.50776308223117,3.255
1,2022-04-26 10:00:00,2022-01-04,2.86085825747724,3.36
1,2022-04-26 10:00:00,2022-01-05,2.57976917854718,3.298
1,2022-04-26 10:00:00,2022-01-06,3.19767441860465,3.161
1,2022-04-26 10:00:00,2022-01-07,3.72714486638537,3.115
1,2022-04-26 10:00:00,2022-01-08,3.19071791153009,3.17
1,2022-04-26 10:00:00,2022-01-09,3.06633291614518,3.228
1,2022-04-26 10:00:00,2022-01-10,3.1858407079646,3.243
1,2022-04-26 10:00:00,2022-01-11,3.24288550628723,3.078
1,2022-04-26 10:00:00,2022-01-12,2.98196948682386,3.009
1,2022-04-26 10:00:00,2022-01-13,3.30288123682361,2.839
1,2022-04-26 10:00:00,2022-01-14,2.57542310522443,2.749
1,2022-04-26 10:00:00,2022-01-15,2.71062271062271,2.553
1,2022-04-26 10:00:00,2022-01-16,1.8733850129199,2.545
1,2022-04-26 10:00:00,2022-01-17,2.55813953488372,2.459
1,2022-04-26 10:00:00,2022-01-18,1.86666666666667,2.468
1,2022-04-26 10:00:00,2022-01-19,2.93091416608514,2.382
1,2022-04-26 10:00:00,2022-01-20,2.69679300291545,2.587
1,2022-04-26 10:00:00,2022-01-21,2.63908701854494,2.676
1,2022-04-26 10:00:00,2022-01-22,2.10843373493976,2.842
1,2022-04-26 10:00:00,2022-01-23,3.3104309806371,2.806
1,2022-04-26 10:00:00,2022-01-24,3.18287037037037,3.082
1,2022-04-26 10:00:00,2022-01-25,3.02826379542396,3.224
1,2022-04-26 10:00:00,2022-01-26,2.67673301304049,3.55
1,2022-04-26 10:00:00,2022-01-27,4.62633451957295,3.606
1,2022-04-26 10:00:00,2022-01-28,3.6376604850214,3.689
1,2022-04-26 10:00:00,2022-01-29,4.38799076212471,3.747
1,2022-04-26 10:00:00,2022-01-30,3.70141887723627,3.829
1,2022-04-26 10:00:00,2022-01-31,3.76193149915778,3.79
1,2022-04-26 10:00:00,2022-02-01,3.43642611683849,3.95
1,2022-04-26 10:00:00,2022-02-02,3.25423728813559,3.957
1,2022-04-26 10:00:00,2022-02-03,4.35374149659864,4.049
1,2022-04-26 10:00:00,2022-02-04,4.75493782004389,4.122
1,2022-04-26 10:00:00,2022-02-05,4.43942814145974,4.217
1,2022-04-26 10:00:00,2022-02-06,4.33973961562306,4.275
1,2022-04-26 10:00:00,2022-02-07,4.27251732101617,4.226
1,2022-04-26 10:00:00,2022-02-08,4.10396716826265,4.133
1,2022-04-26 10:00:00,2022-02-09,3.66197183098592,3.999
1,2022-04-26 10:00:00,2022-02-10,4.00829302004147,3.901
1,2022-04-26 10:00:00,2022-02-11,4.10662824207493,3.803
1,2022-04-26 10:00:00,2022-02-12,3.5031847133758,3.802
1,2022-04-26 10:00:00,2022-02-13,3.6509900990099,3.94
1,2022-04-26 10:00:00,2022-02-14,3.58851674641148,3.996
1,2022-04-26 10:00:00,2022-02-15,4.09556313993174,3.998
1,2022-04-26 10:00:00,2022-02-16,4.62508759635599,4.077
1,2022-04-26 10:00:00,2022-02-17,4.4043321299639,4.028
1,2022-04-26 10:00:00,2022-02-18,4.11849710982659,4.063
1,2022-04-26 10:00:00,2022-02-19,4.05300077942323,3.806
1,2022-04-26 10:00:00,2022-02-20,3.3104309806371,3.549
1,2022-04-26 10:00:00,2022-02-21,3.83663366336634,3.205
1,2022-04-26 10:00:00,2022-02-22,2.29555236728838,2.899
1,2022-04-26 10:00:00,2022-02-23,2.82199710564399,2.91
1,2022-04-26 10:00:00,2022-02-24,2.00148257968866,2.944
1,2022-04-26 10:00:00,2022-02-25,1.97718631178707,2.858
1,2022-04-26 10:00:00,2022-02-26,4.12541254125412,3.094
1,2022-04-26 10:00:00,2022-02-27,3.55297157622739,3.215
1,2022-04-26 10:00:00,2022-02-28,3.2298923369221,3.723
1,2022-04-26 10:00:00,2022-03-01,3.95095367847411,4.164
1,2022-04-26 10:00:00,2022-03-02,3.67041198501873,4.397
1,2022-04-26 10:00:00,2022-03-03,5.55555555555556,4.677
1,2022-04-26 10:00:00,2022-03-04,5.06424792139078,5.002
1,2022-04-26 10:00:00,2022-03-05,5.7542768273717,5.376
1,2022-04-26 10:00:00,2022-03-06,5.51282051282051,5.713
1,2022-04-26 10:00:00,2022-03-07,5.50295857988166,5.682
1,2022-04-26 10:00:00,2022-03-08,6.56984785615491,5.858
1,2022-04-26 10:00:00,2022-03-09,6.03197674418605,5.924
1,2022-04-26 10:00:00,2022-03-10,5.3394355453852,5.82
1,2022-04-26 10:00:00,2022-03-11,6.29800307219662,5.914
1,2022-04-26 10:00:00,2022-03-12,6.21019108280255,5.78
1,2022-04-26 10:00:00,2022-03-13,4.78964401294498,5.808
1,2022-04-26 10:00:00,2022-03-14,6.16054760423149,5.791
1,2022-04-26 10:00:00,2022-03-15,5.62865497076023,5.798
1,2022-04-26 10:00:00,2022-03-16,6.23123123123123,5.761
1,2022-04-26 10:00:00,2022-03-17,5.21541950113379,6.002
1,2022-04-26 10:00:00,2022-03-18,6.34920634920635,5.936
1,2022-04-26 10:00:00,2022-03-19,5.94947025264874,5.875
1,2022-04-26 10:00:00,2022-03-20,6.47668393782383,5.734
1,2022-04-26 10:00:00,2022-03-21,5.70342205323194,5.831
1,2022-04-26 10:00:00,2022-03-22,5.19877675840979,5.583
1,2022-04-26 10:00:00,2022-03-23,5.24759793052476,5.468
1,2022-04-26 10:00:00,2022-03-24,5.89123867069486,5.286
1,2022-04-26 10:00:00,2022-03-25,4.61297888975762,5.226
1,2022-04-26 10:00:00,2022-03-26,5.1433389544688,5.326
1,2022-04-26 10:00:00,2022-03-27,5.20547945205479,5.286
1,2022-04-26 10:00:00,2022-03-28,5.28325907065563,5.119
1,2022-04-26 10:00:00,2022-03-29,5.89641434262948,5.162
1,2022-04-26 10:00:00,2022-03-30,4.97076023391813,5.092
1,2022-04-26 10:00:00,2022-03-31,4.72263868065967,4.954
1,2022-04-26 10:00:00,2022-04-01,4.91143317230274,4.912
1,2022-04-26 10:00:00,2022-04-02,4.6530612244898,4.678
1,2022-04-26 10:00:00,2022-04-03,4.23905489923558,4.606
1,2022-04-26 10:00:00,2022-04-04,4.99027867790019,4.55
1,2022-04-26 10:00:00,2022-04-05,4.25855513307985,4.506
1,2022-04-26 10:00:00,2022-04-06,4.46428571428571,4.408
1,2022-04-26 10:00:00,2022-04-07,4.3338683788122,4.39
1,2022-04-26 10:00:00,2022-04-08,4.59952418715305,4.219
1,2022-04-26 10:00:00,2022-04-09,3.96959459459459,4.241
1,2022-04-26 10:00:00,2022-04-10,4.11522633744856,4.268
1,2022-04-26 10:00:00,2022-04-11,3.79084967320261,4.141
1,2022-04-26 10:00:00,2022-04-12,4.41640378548896,4.058
1,2022-04-26 10:00:00,2022-04-13,4.65116279069767,4.045
1,2022-04-26 10:00:00,2022-04-14,3.44299923488906,3.947
1,2022-04-26 10:00:00,2022-04-15,4.01639344262295,3.815
1,2022-04-26 10:00:00,2022-04-16,3.88007054673721,3.829
1,2022-04-26 10:00:00,2022-04-17,3.43417825020442,3.73
1,2022-04-26 10:00:00,2022-04-18,2.86512928022362,3.733
1,2022-04-26 10:00:00,2022-04-19,4.51482479784367,3.568
1,2022-04-26 10:00:00,2022-04-20,3.95799676898223,3.457
1,2022-04-26 10:00:00,2022-04-21,3.46020761245675,3.501
1,2022-04-26 10:00:00,2022-04-22,2.86677908937605,3.488
1,2022-04-26 10:00:00,2022-04-23,3.10283687943262,
1,2022-04-26 10:00:00,2022-04-24,3.73626373626374,
1,2022-04-26 10:00:00,2022-04-25,2.77594183740912,
